F7HWLFV0W9,18136717423124425855,4154,1736 n stelling rd,frederick,south dakota,17612,558
OGTAGFRE5N,27861584827454563722,7232,8398 harrison ct,miramar,south dakota,49732,758
RJ5J6XOAH9,52517735614681622438,8668,9915 dogwood ave,bozeman,utah,22413,857
WEA5PTY3MP,11587677766668562131,1766,4312 crockett st,baltimore,delaware,61415,856
S1YD6SMWKJ,41524177888174814112,5466,6684 timber wolf trail,hampton,nebraska,45838,848
Y59SHQF3R2,33488486658344381318,2762,3545 w gray st,downey,mississippi,96551,638
2VPTOVRCVW,58358371434827253651,3142,9737 college st,montgomery,west virginia,76391,256
BF9VU5I984,78374515161346771412,1261,6181 depaul dr,seagoville,indiana,43788,171
I42TSSAMUY,67216785762368571761,2252,468 prospect rd,lowell,ohio,76587,873
SM7LAJLSTF,64227818427488448377,2813,7978 preston rd,modesto,iowa,39124,137
T2O77OEVU1,64714558764724814728,5844,4936 hunters creek dr,redding,maine,55166,628
Y6UMOX7S2V,74121442188675354858,5435,9144 ranchview dr,norwalk,oklahoma,91520,326
7LJ53CRYYU,56646241112736835344,5432,2021 miller ave,fairfield,michigan,18232,232
WXV6O1ACIL,72741351223148332487,3548,6676 nowlin rd,corona,california,19287,754
JT1YF6D5MD,12651312276365646688,2373,4054 cherry st,irvine,maryland,90365,685
BPRD499442,77858621854461266463,2454,9782 edwards rd,huntington beach,washington,36114,177
67YVW1V8L6,57211278146533183283,2175,9693 rolling green rd,gilbert,north dakota,14037,258
P0TDEOAXRG,43171217412833371767,6752,8430 crockett st,knoxville,kansas,93820,228
OQSG0SOCB5,25166551546826216341,2871,6145 pecan acres ln,duncanville,wyoming,87538,866
D3OJ348R6K,18132326328516446356,1645,9334 hogan st,lewisville,new york,73832,176
5B4VNXPD5N,87672653241383855116,1722,9447 prospect rd,los lunas,washington,54201,444
SKP7SEFIOI,47631554412461655133,8685,3963 lovers ln,fort wayne,wyoming,57625,752
03NC5COXNR,17181675177264252428,4711,826 depaul dr,independence,virginia,59942,886
07U7U4GM0R,77725728628121653215,7624,3185 smokey ln,oakland,wyoming,83352,835
WNB32OB3IC,24122525366781555714,1825,7391 elgin st,high point,washington,57803,844
X7KTWG5NPE,81863622324235878357,7387,5284 paddock way,murrieta,utah,74804,626
G5P656TF51,71456174168377678854,2578,8154 dogwood ave,los lunas,new york,14261,261
BOAOEYCVPT,34128258216831283536,3122,5373 hickory creek dr,charlotte,mississippi,66475,185
9L93K4YR6J,18546537488864456871,1212,6665 lakeshore rd,west jordan,montana,35227,881
B4OV91U00D,13312257661475648648,1136,1225 green rd,thousand oaks,oklahoma,31668,622
JRKU2BVNTJ,41343587223255628733,7811,6116 white oak dr,pasadena,new jersey,18969,513
5DCDRURSC1,21411264822264878648,2484,9578 central st,manchester,alabama,67737,575
XBGBJXK9HJ,78555586847366716182,5131,1474 woodland st,amarillo,illinois,35260,562
EGV5E63MG4,82181677143115378871,8314,8226 royal ln,las vegas,michigan,38186,735
C6STH5T83G,74816136761726355615,3668,2000 mcclellan rd,westminster,louisiana,25157,484
JD34P85LTM,37233578338376558235,4231,8779 pecan acres ln,chattanooga,massachusetts,69632,225
T66EHRLKJ2,35653831733522427287,2842,5974 edwards rd,costa mesa,mississippi,71050,548
AQ360DMD4P,48853543611764672855,1521,5442 stevens creek blvd,knoxville,louisiana,68515,237
4NEA05LTP8,67676173515581234443,7787,8292 oak ridge ln,salinas,illinois,31068,732
AS08YW7EOG,34346526346252233288,4553,4089 woodland st,joliet,maryland,96881,148
RWQ2S9LALF,72327635342336851714,6581,2872 royal ln,norfolk,ohio,19143,178
TOMXAJ7N4D,82842877678134687626,3748,4244 wheeler ridge dr,evansville,wisconsin,58722,185
5QQITLD19C,31881441317422878842,2266,4485 fairview st,cupertino,nevada,20625,434
DRAQ08SVU0,54868272461176846535,4355,6625 shady ln dr,west palm beach,louisiana,93170,413
W868GRC6US,51377817415366142762,6668,9659 lone wolf trail,fairfield,oregon,13128,144
D0LUKTKXQI,23241687646381735721,4816,5266 first street,houston,montana,67528,218
O3V623ULGX,52412861611686371566,6556,8386 photinia ave,lexington,kentucky,62840,666
Y0U4X8T9PF,32253611867821181781,2234,2940 railroad st,sterling heights,alaska,36568,354
0CGJXD8NYH,63584384584547717351,7648,7967 dogwood ave,rochester,virginia,27813,577
WR1YTCBRJ7,57246675376885717148,2467,5633 w belt line rd,torrance,vermont,29228,768
1CP6POANML,56851631428486752188,6235,5414 dane st,st. petersburg,arkansas,21520,517
9TO8JXNBU2,27767845227633286654,1477,7232 wheeler ridge dr,glendale,new york,11103,421
RLOIW5RFV6,26548156318126824745,8327,8191 hickory creek dr,irvine,tennessee,11499,355
IR6YJ4G9FW,58833466755572237222,4348,4905 elgin st,miami gardens,connecticut,72540,666
L63JX3NRGI,43267288856123721226,2886,3216 elgin st,el monte,maryland,98597,553
HTC23W7O3F,74357766855331438665,2363,5117 washington ave,stanley,arkansas,55688,587
YNOSGEYR0L,11138766335162485413,5776,1260 cherry st,santa clarita,illinois,58695,854
6571RNL1DB,85247887727258766124,6572,4551 central st,jersey city,utah,18631,216
H9DBLBQDU6,12841588672558647686,6778,379 timber wolf trail,san antonio,massachusetts,12530,766
12LRKXMXJQ,26775642651816446177,6572,3536 e sandy lake rd,dumas,montana,55686,575
VGMQDRB80E,54366667644811621727,7171,1970 hamilton ave,norwalk,indiana,28163,553
826UANRM3J,68283441315753415858,5353,6252 valwood pkwy,shelby,arkansas,10257,315
PT9MAATCNO,53251144275451427225,2565,590 bollinger rd,anaheim,new jersey,44662,825
8TM43ST6O3,31143752524588844257,1676,4014 w pecan st,nampa,georgia,30335,622
Q04SB1486Y,36758653721345747283,2832,4810 w pecan st,elizabeth,hawaii,41354,478
FH254GVPRR,77754628282427885168,2341,8183 crockett st,providence,maine,19316,365
MFGQG43VQI,38363437356838342163,8342,2842 stevens creek blvd,nashville,wisconsin,29812,626
W8HM3OAWYN,47677883448276452236,2163,302 nowlin rd,tyler,tennessee,83511,634
N9H5ERN6KC,83362544543438564524,5513,6839 mcgowen st,sioux falls,south dakota,18357,776
12BVEI5QS8,18611174117777368585,4431,8903 mcgowen st,allentown,wyoming,42111,431
SSCUAEWE7N,61788575158317465463,2743,5042 w 6th st,el monte,tennessee,80811,481
TWHJCNPBVX,76382614873868631733,4868,4230 hamilton ave,edison,utah,59327,378
5W72F4V3DD,86338824115143178621,1676,9845 wheeler ridge dr,yonkers,washington,19085,422
CFTOPOWNH9,76777317567611546647,2543,9197 w dallas st,davenport,west virginia,70745,826
JGJ4NEN4E5,48584731676623651653,8567,5838 smokey ln,augusta,washington,54711,276
A55HYRMYIS,34653311813562774213,4328,2633 lone wolf trail,san antonio,idaho,27097,447
494SJSVLSO,72152836182721588461,5424,4681 sunset st,van alstyne,south dakota,19213,264
Q8H08GHWYP,18626576474212232121,8354,2021 groveland terrace,shiloh,ohio,53480,647
01TFX4ROFC,21536522127283275473,7852,3601 lakeshore rd,milwaukee,kansas,92008,634
E24R7IHB6G,55235681516511737781,3321,3735 photinia ave,rio rancho,wyoming,60211,641
5WGXJ86E7P,17484612674546256351,3544,2099 hogan st,rockford,maryland,46188,234
XJ4JJV97CT,55425167888155385773,3521,4399 first street,augusta,north carolina,14594,285
XC4X6DLOGW,17258584111218275644,6634,2939 e center st,boulder,alaska,83424,422
6UGVK0BPHL,33641833544712236822,6726,5293 dogwood ave,las cruces,nevada,18770,165
188OQL89CD,58665437281221826373,5323,128 photinia ave,wilmington,maine,63735,226
1KGJV6WJ1K,82281762414857756841,8332,5780 samaritan dr,saint paul,oregon,24902,458
NSM23PXGJF,75573321573216465451,7757,8395 thornridge cir,pueblo,wyoming,68342,875
P6J7I88YQA,22327545614888255736,3736,9121 hillcrest rd,greeley,arizona,12634,633
B16MV1O2FU,65814178732162317824,3268,2654 rolling green rd,little rock,oklahoma,50176,225
VWAS1J5986,37737172254755874366,7761,9141 dane st,paterson,nebraska,64024,325
EJW5LXTYY4,35656442882177622382,8281,2993 edwards rd,moscow,kentucky,40299,814
FO3UJG9705,73135171638143272637,2167,9885 lone wolf trail,orlando,indiana,15542,338
C33HEIIBCH,33648317633263438276,3686,106 w campbell ave,west covina,west virginia,20913,475
P1UBLXIQQU,47572654414614647315,4265,3488 crockett st,pembroke pines,nevada,28275,275
3U0PUJ4YCA,14757128154285272862,7526,2563 james st,lakewood,florida,20634,385
YBBYB9H560,17747553438533631265,5181,8838 samaritan dr,centennial,south carolina,57124,254
50W0E59B2L,22288528575865645384,4736,3277 poplar dr,albuquerque,hawaii,14052,823
QJ5RLMN5OG,66432755135651433455,3834,850 valwood pkwy,frisco,minnesota,36458,856
29H6A4ER9C,47431635132253527711,7122,2590 hickory creek dr,celina,illinois,40590,117
DN3M5A0KHM,17128767674841333556,3845,2142 thornridge cir,mobile,hawaii,96442,168
XMM6666BP9,58258658883266653517,1633,6830 pecan acres ln,van alstyne,wyoming,18984,772
TAFSF6S6BV,15672355773552623241,6777,653 washington ave,lousville,new hampshire,51118,287
53D4B5V7TU,31417181373312885478,2241,8830 bruce st,grants pass,nebraska,13406,466
U7D7N5UGHR,28661765675842328313,3438,3241 railroad st,fort worth,arkansas,79008,878
K7QKW0UYST,83265582761453358776,3674,6259 mcclellan rd,garland,idaho,75742,163
4VTXU0N52Q,32347245573641671541,2587,9078 brown terrace,ventura,south dakota,17432,547
03IHO3HC46,87625585127347616468,5827,8574 miller ave,sterling heights,wisconsin,16266,534
915HBKEB1I,23165626342551683836,3325,3950 spring st,salinas,new mexico,43447,781
R6IR4VFREY,24673758348558761587,7223,5027 marsh ln,jacksonville,washington,83394,538
OLTF9X9CI8,86674256825235116284,5831,7177 preston rd,tacoma,california,71613,874
JQQIYQC7AH,25212834431437577717,5535,2086 pecan acres ln,mckinney,maryland,76074,454
KFNLC9HTA1,47473321762632178425,4713,5966 miller ave,anna,vermont,36309,777
38RKF1YJLY,21662218518213671825,6272,9382 w gray st,oceanside,california,99632,228
K5TU28173T,73843811367318325868,8853,3857 frances ct,madison,west virginia,81160,247
O65YM3PTOH,72631521857566612873,2455,8477 frances ct,las vegas,montana,28481,354
BICS7DW1U6,78824424761553717688,5732,4571 taylor st,springfield,oregon,38434,583
CNY7YPH17W,81777836758433686136,5246,1385 hickory creek dr,duncanville,virginia,48665,614
NVMX4VPW3K,78312173613383523534,2866,1659 e little york rd,bueblo,alabama,28723,381
DN26H2KXRH,34377252565456578427,1147,9216 miller ave,cary,iowa,83101,576
NA7PWS9CE5,47225568278435266471,7461,1128 prospect rd,toledo,california,76778,825
0T6LFOKUQM,18156468141618437542,4138,1920 mockingbird hill,ann arbor,new york,16812,256
TOK1LTFW2V,85133131226225728276,4133,3292 westheimer rd,laredo,utah,26804,864
STQNPINULD,55144785857677144323,1415,6373 hamilton ave,hartford,delaware,35198,712
91F7SCTKBY,57817456364268288166,3135,3771 depaul dr,plano,arizona,50804,518
WJQV7QTYCC,42672223855877665627,4685,5861 daisy dr,lubbock,oregon,86453,574
P7V3D1TK9H,85137461634566643541,8312,62 lovers ln,san antonio,rhode island,13316,668
1JH7U55QST,66652272188175146353,3223,9310 white oak dr,greeley,maryland,64214,528
72H0NVG23A,46752734233463555661,7313,4612 depaul dr,norwalk,vermont,75648,842
5FYXL8OOQO,16538445328171164578,5257,5629 ash dr,stamford,west virginia,67045,552
PE6BH859IN,74731527344341758812,8878,2402 hickory creek dr,west valley city,alabama,92320,276
VWWBUS6Q4J,23773611585281361272,8514,6395 w campbell ave,waterbury,alaska,99148,726
00SBSG0AT2,57674874884835422238,3472,6369 lakeview st,flint,new york,67808,813
J4Y31OMWIX,11256124317643341387,8777,1785 woodland st,garden grove,california,55865,352
476H15CCJP,23238351378212136437,7525,9370 spring st,albany,missouri,25843,317
7W8GYJXL53,21211426427148565247,1223,7695 woodland st,rochester,oregon,40118,268
IPUVE6M6J7,28474151871727164253,7724,4712 mockingbird hill,grand prairie,iowa,45754,758
63M4WFGH49,12634477887181778458,2245,1428 smokey ln,edison,nevada,38956,273
F93NJASDIC,52148563854682827483,5876,3130 locust rd,iowa park,pennsylvania,70010,662
9CO384W1KY,43632631148868574221,1342,8408 lovers ln,cape coral,arizona,76917,748
4BAXHD9N11,47434837333278464765,2361,1694 avondale ave,tempe,arkansas,47652,567
A6YCIFM7TB,15154513741661125537,8361,4368 cherry st,murrieta,virginia,64642,357
AR72835H4F,13454632411862837343,6468,974 harrison ct,san jose,tennessee,86249,158
J6ETVCUUNE,72477414123117671664,3268,9268 royal ln,albany,california,40294,534
SP826ADJMI,24226847641447664755,5442,6836 railroad st,woodbridge,kansas,74485,175
EO6G1JXLAI,18446144348385311515,5611,5206 pecan acres ln,indianapolis,wisconsin,87666,157
56GTI8I23Y,27637244514582485877,5232,6976 country club rd,louisville,hawaii,19113,368
2MWXBJF5TF,53436584242342264624,1722,9646 northaven rd,laredo,new york,85542,163
QTXR4A9196,83312777248137342782,7283,1395 green rd,redding,new mexico,65832,773
18UV9WCNNO,72821125521474834613,6436,9153 hunters creek dr,columbus,north carolina,23834,844
BDOEH9J3WY,81447555436677822313,6225,3734 cackson st,high point,north carolina,95512,813
X50PXVEK9K,63247841516181446362,8553,2031 smokey ln,modesto,tennessee,81320,354
33U6XR4KQC,48127643657771822833,1237,573 e north st,grand rapids,arkansas,26511,416
FEIVT7V5ED,56418153286532426776,3257,1629 woodland st,billings,utah,90036,426
2OKIIQJPS3,36124111362526312544,5114,5223 poplar dr,roseville,massachusetts,98999,633
BBEDVHOCRL,44244574866326676566,4525,3554 sunset st,van alstyne,florida,30008,567
FBKBUEWKMU,14754146714544145625,6862,9078 bruce st,jacksonville,montana,51422,343
2Y1WKFE136,82676646241514613162,8616,3982 spring st,miami,minnesota,96804,755
NFFQ3T0DNB,66816576824557156252,2433,6878 e north st,buffalo,maryland,25168,482
OP52XN9Y7Y,84511255741437228725,6336,8816 paddock way,lubbock,pennsylvania,57140,678
O8R6QM0B6R,65224552467363218262,2547,8848 plum st,clarksville,oregon,49376,368
WI2CD1NYSE,25313385665687833365,7561,3860 green rd,kansas city,florida,11164,657
4FIBPTMVOU,21541674787813366584,6251,9148 hillcrest rd,athens,oklahoma,26465,433
A4Q1YDULG5,81711377848486785174,5111,1931 samaritan dr,columbia,illinois,77215,718
9JRVOA3KKU,18353616248353635184,6544,5074 lakeshore rd,edison,michigan,75367,828
B62VT0B5SH,88465855584873137812,8886,4265 fairview st,washington,mississippi,86533,554
YVSOBOME0P,55537281377877842627,7524,320 saddle dr,chicago,new york,87552,458
HDTAVNGQ9L,56366758211751234118,2681,6515 cherry st,murfreesboro,colorado,31594,585
DEYB6J2K3R,72478185571166175385,1323,877 homestead rd,yakima,pennsylvania,37621,512
7YHKRGJSVO,48318116484152734783,3226,3815 crockett st,south bend,rhode island,90970,437
4LCQ2LQGGS,68186614473454258778,6218,5223 locust rd,fairfield,michigan,53170,361
0TUR3HB5S9,84854481617642144268,3315,7091 college st,coral springs,texas,54876,886
3SR7JAH6P1,24782366518656635652,4434,2953 homestead rd,salt lake city,oregon,86056,766
FJUAD8LUK4,21873831677367548537,1867,5451 groveland terrace,clarksville,kentucky,90035,382
WR98VNM6LH,36344616526175311525,7368,9237 hunters creek dr,roseburg,arkansas,45964,633
YKQO5HKKN2,61664364453585416241,5385,9664 james st,edgewood,new hampshire,75311,247
MT6QXPPI3P,35168432243634762582,8446,6287 cherry st,dallas,vermont,83660,222
7YG8QCNRKC,78856316761326864883,4285,3309 preston rd,north charleston,iowa,58575,855
X01C9YT3HG,25445674352863215112,7415,4058 nowlin rd,raleigh,georgia,47538,133
03OOJIY97P,67225845231554263451,4811,768 prospect rd,farmers branch,south dakota,66505,813
5B5RJ3KU4L,33115664624822762824,8842,5834 cherry st,tallahassee,vermont,20566,712
IVE2GIWNJI,11421462725772361348,5214,9652 robinson rd,denver,mississippi,55370,861
TYQ17B99Y6,76833756261433723211,1776,4950 hamilton ave,san mateo,maine,30383,865
934HD0BD7G,56733362231727175162,5371,7605 prospect rd,temecula,tennessee,92582,752
GDDCKFUAIA,83323852622115742165,8155,701 brown terrace,hayward,massachusetts,35598,274
EWPSHJY9IB,54371858132322153318,8644,1922 ash dr,stanley,pennsylvania,92076,364
TJ8A46C3EN,23418671612343383117,8647,7962 bollinger rd,buffalo,arkansas,96453,346
QI0E4SQKQ0,73612438726756466566,2463,331 fincher rd,port st. lucie,washington,45996,353
N11JCA50SU,37418644114454163233,7488,9300 smokey ln,fayetteville,louisiana,91053,841
MKTMFI1VB8,86617116635274282876,5657,4415 oak ridge ln,amarillo,wyoming,95632,825
W1U7DWPQTK,57381461435212284631,2645,9552 pecan acres ln,richardson,rhode island,63869,624
2ITJ36LLWN,23775522844867571873,7426,1332 preston rd,boulder,new hampshire,61053,363
4GWHMM8NE5,21177246471778833412,2435,6483 stevens creek blvd,salinas,minnesota,95567,245
IAW4YQ6QUI,84714386221186666553,4323,395 westheimer rd,san antonio,california,52761,812
D1UFHBC3WO,18685857772532565658,7652,6092 hunters creek dr,allen,south dakota,29145,565
C5I9B89XMC,23722848513471841653,8142,5219 college st,jacksonville,connecticut,63146,137
J0OLY9XPT3,57757676725772813536,2775,9670 thornridge cir,tulsa,florida,46943,842
JG63OYN7Q1,45152541225135451421,3622,6516 edwards rd,rio rancho,oregon,93061,432
XGB4DWVUQQ,56623384385388134351,4731,1175 paddock way,shiloh,new jersey,12268,671
G5NGVLRSC1,24438745868278785861,3461,1822 westheimer rd,tulsa,arizona,70595,633
O8WGCEOJFW,75133344823825623713,4654,9828 woodland st,murfreesboro,alabama,78390,722
8UXKNB5GUE,31871877625383215825,3586,3288 hillcrest rd,birmingham,oregon,85022,613
VGELLTV919,72153374767654343832,1337,8521 robinson rd,jacksonville,new york,49242,836
IWFNCCXG4I,21351651853225348734,5224,3054 fincher rd,tempe,south carolina,90514,183
C21J69LW3O,25251324181888735287,1254,3929 brown terrace,pembroke pines,south carolina,19810,328
6ONTRNAKS7,61334178265538488372,3227,8270 wycliff ave,san bernardino,south carolina,56932,531
9UV6GLXQBY,73352515827142417551,5524,3410 saddle dr,fullerton,iowa,63444,887
ORC726I7HL,28188111445837884677,1616,7820 miller ave,raleigh,connecticut,75339,122
Y8V623DSM0,56673416585255383466,5448,8978 w gray st,stockton,mississippi,35409,377
PIMNN49KG7,71856487777235835788,4515,5919 harrison ct,long beach,hawaii,34681,836
IRWTP4S16E,54266246148183568551,7685,7606 timber wolf trail,stockton,idaho,31883,165
I562GJN2K9,62143846551544567636,6265,194 sunset st,hialeah,texas,48597,877
4I4G6AUW99,14574266666625118485,8457,420 w dallas st,saint paul,oregon,81152,212
7VPX49TN24,17113885511731785144,1688,8655 depaul dr,bozeman,arizona,89736,234
36MW7UG1HB,87332111573817775662,2847,2059 prospect rd,syracuse,rhode island,40641,233
KVH9NICBPX,54155464348454134866,3361,2876 oak ridge ln,billings,alaska,61573,221
GF8FVW3KKG,32482873458474758882,2821,6919 shady ln dr,tallahassee,new hampshire,31522,515
AHD07OCC3D,67165788244234273713,8844,3783 nowlin rd,hollywood,rhode island,88582,463
8OBY8LMQDA,78326615872752513345,2537,6104 preston rd,los angeles,maine,91837,488
V9VAYRBFT1,78155451328422815378,4744,9486 saddle dr,odessa,florida,44563,547
FAVS645HJG,87687558323641168326,7574,7341 e north st,st. louis,michigan,99510,332
I9315JQWRK,34357643368256377174,1353,5489 wheeler ridge dr,henderson,maine,30862,316
Y0M6719WYA,62444537528148134618,7652,2437 smokey ln,coppell,oklahoma,78733,712
PYKECXD4ER,83352132451465662645,5143,2199 lakeview st,dumas,illinois,14009,381
PQWWKGFATL,24317873514126187454,5457,634 hamilton ave,cedar hill,colorado,24720,114
HM2PYOX4FQ,57671261254745862743,3372,6525 hogan st,santa clarita,maryland,71590,541
101A34PTXM,71122338427333187337,1145,2131 avondale ave,the colony,new mexico,16662,762
PBPEFS83P1,76848825181731664371,1562,3729 hamilton ave,wichita falls,missouri,54299,563
H1H3TX4UQ6,72616261574366676372,2274,6544 oak ridge ln,newport news,alabama,26314,183
0W2JUGXHW2,48236144472343611141,4427,7060 fincher rd,dumas,iowa,45393,747
N9DU8I3MLI,17583487141364465322,4287,4207 fairview st,sunnyvale,alaska,26533,578
3X28LV3RS7,32462676265413443121,5122,8167 washington ave,flint,kansas,42434,774
UQXW55XTE2,34871777186731653843,2563,2910 daisy dr,mcallen,kentucky,78089,636
V9QX10FMXQ,76182675252157378764,6356,4681 bruce st,mobile,kansas,92057,464
1HJUAUVQVI,51146615882665763514,1222,7925 eason rd,anna,wisconsin,15182,286
XMX2HSCSA4,62352318736312451647,7442,5112 lakeshore rd,mckinney,wyoming,99184,636
SWKYEV5TN8,14568327246637516742,2833,741 homestead rd,west jordan,illinois,65395,862
V56X4C4EQT,37642383461242246334,4828,3162 paddock way,college station,north dakota,50074,672
DOH8W6OM5Y,36168164385872856381,8843,3640 hillcrest rd,richardson,north carolina,49184,484
B0VUCR4EQB,73676317724428272214,8771,3319 timber wolf trail,high point,indiana,96249,485
65OYDI8WH2,74266241383327768736,5542,1363 groveland terrace,red oak,north carolina,83444,415
EE5P2RS65X,76472828746631361582,4457,583 forest ln,clarksville,alabama,91117,558
UOS0OOMUYL,42815151277345753273,3871,7731 spring hill rd,brownsville,massachusetts,32243,415
WS2GL712YI,41755878451318776134,6347,9422 wycliff ave,chandler,utah,64689,518
VASW7QL92U,63132168257575141685,7522,2604 edwards rd,elk grove,idaho,13676,662
NVU2EQX6UJ,33717114773625218446,1137,3692 spring st,albany,missouri,99534,827
DPPJCGMQLG,17723112817183575336,3616,1340 green rd,akron,north carolina,92799,647
ABLP150G0Y,18521582277487382767,7288,5246 groveland terrace,albuquerque,michigan,39892,451
RH2MMGGKN9,11235242143448351246,8882,7268 cherry st,lansing,louisiana,94461,157
MBS4IIWNDD,67453852544382688151,2426,9991 e north st,cary,south dakota,97019,536
RB32NUJYG8,54547272265545234534,5185,8328 wheeler ridge dr,reno,indiana,85676,131
67LRHD4F67,54215361345313688752,8657,3229 cackson st,baltimore,wisconsin,93377,754
ID4K6TBPSP,11451484672317735781,5858,8376 preston rd,coral springs,oregon,43218,625
0XG02A4OCJ,12257731358245185462,5126,3038 w dallas st,portland,new york,42503,117
I9TQM9C9LJ,72371237167787811376,2644,3227 mcclellan rd,long beach,washington,45108,478
B10P8KWDR5,65738424781578835335,5263,1135 e pecan st,madison,colorado,40325,772
NMFY5QY0MI,71344163358588527831,4873,9687 photinia ave,boulder,alaska,28092,678
L2CDI98B5F,37248338281884781761,6176,9971 fincher rd,las cruces,illinois,49790,332
U6K4XLG5WD,62884244613675846218,3186,7620 w belt line rd,little rock,washington,64986,153
RHQ2TT6P37,63756326165471217864,4328,9954 first street,killeen,pennsylvania,16711,287
AC6SG9KEX6,87633878384431354125,1831,2655 fincher rd,newport news,oklahoma,55864,754
HH31S8FPXY,17786568452355138571,5374,1369 w 6th st,arvada,iowa,58294,216
K2OXFFHOF9,43861255737141411325,7443,6508 depaul dr,memphis,kentucky,77279,275
SBQRC5H2SV,35765411134351835856,1363,3419 photinia ave,tempe,tennessee,54785,623
E8CAMJOBJV,32466513674277838235,1553,4778 w sherman dr,garland,missouri,98700,538
UIA6C3KNCQ,66828855518331265432,4385,7150 hogan st,allen,minnesota,66137,372
QS2X3HKX00,56742835484575784252,2561,1509 w dallas st,cape coral,idaho,61499,473
6NEXWBFGMU,16141822514171648243,2665,5115 green rd,murrieta,rhode island,64918,838
6XXCKL0OSB,12586266871128776642,7556,8172 e sandy lake rd,seagoville,colorado,22949,862
1RWLMAQTC8,46488647354436333285,1774,8533 taylor st,new haven,north carolina,77015,488
T7OXUQ6KRQ,23868642631126637857,8163,2139 elgin st,rancho cucamonga,new mexico,94235,751
E1V41P9T7R,56546375476728678326,2571,8704 blossom hill rd,boston,new jersey,20717,823
B4NR1424H3,67813784773681624266,2224,3144 wycliff ave,iowa park,colorado,83171,543
57QQ0MS53T,23446525472311278765,1722,446 saddle dr,paterson,montana,33921,585
BVR58ILWK9,77478775753343365737,4142,1708 e north st,daly city,missouri,61461,677
XYCQTA486P,53221433882866568361,5326,852 nowlin rd,north valley,massachusetts,40924,625
BAEJG0NHWU,24166343154615165817,6551,8003 saddle dr,richmond,indiana,70319,553
RG0QMAJRE3,62183673564243553626,2712,115 white oak dr,flowermound,alabama,66754,332
KYBE7VGSVP,54321514137764226527,5645,4791 brown terrace,woodbridge,hawaii,28195,336
1UD0UQ0S82,16621565354433516558,7757,7982 preston rd,waco,oregon,63652,132
6UXVL3JL2X,51785554865731461375,2567,502 depaul dr,provo,arizona,23051,536
7NF7C9UTY0,43177767361615372176,7332,5623 depaul dr,baltimore,massachusetts,85121,312
YWOUTJDM3R,63226286114671542774,3282,6521 brown terrace,fort worth,south dakota,17295,537
WBN3SH2YLP,47476753648253165288,4886,1475 bollinger rd,el monte,vermont,80453,574
V9982BQN1O,14446622585268325543,1835,592 walnut hill ln,aubrey,illinois,61939,546
F05ISRN9SJ,16353735166316526318,5476,7262 cackson st,celina,oklahoma,52037,624
5A546WT60W,22442471237165224474,8361,6431 fincher rd,springfield,arkansas,39556,641
9N1DUPCVCT,47588132351574314742,4534,8132 w 6th st,princeton,maryland,81618,736
IF8CX7MT4O,58558867646364177415,8566,6393 w 6th st,oklahoma city,south carolina,74328,888
XFONKK6FAO,17253357227638168272,2685,1143 mcclellan rd,caldwell,maine,72186,724
EBVJ3TO279,87631166876176833815,7447,7071 fairview st,edison,california,69748,223
WMUA602ABM,71487155575586425768,7626,6015 hamilton ave,allentown,oklahoma,34682,516
6URFSBVAUB,15256412648358647376,7852,8707 stevens creek blvd,stanley,arizona,98361,348
IVY9OSO7BR,56545437767738161413,1351,7398 e little york rd,moreno valley,texas,64398,863
L2YK816GUI,83172157617787453168,1847,3412 edwards rd,helena,montana,94637,314
UG6XLE03CF,85653471261122155676,8273,6095 hillcrest rd,elizabeth,florida,62726,616
RMSKUJGPVY,14352541666348216431,8273,2834 plum st,spokane,idaho,24125,774
80E4BD9F7I,18682328658188637821,8873,7442 paddock way,greensboro,new hampshire,46724,211
C02QFGCQ4G,25381633468468358125,3672,3074 forest ln,waterbury,california,65029,846
A8EGYUCTUX,65633581851181451841,5143,1992 oak lawn ave,santa clarita,washington,27772,834
XXPPBBHH0H,73212261252822423417,2622,33 groveland terrace,waco,minnesota,73373,177
O2NPXWANDI,28874571313874847258,1476,757 bruce st,seymour,delaware,76287,728
5URPD9BARC,84525373616772528236,4384,9450 saddle dr,fort wayne,wisconsin,78855,764
SN9J92WY3U,46816566162633873381,6757,9204 blossom hill rd,omaha,north dakota,24049,774
PFTGE5ROI9,83366672137773334447,3413,3804 plum st,dumas,utah,47011,433
YG54JR76UC,18778627835437242423,2213,3781 karen dr,greeley,wisconsin,91801,551
34D4UCAS1W,22635481228144847121,6462,249 woodland st,pasadena,utah,50732,718
UPHF2948U5,28277152626456412523,4242,2251 railroad st,broken arrow,vermont,96424,177
QIOSEQPB4R,71184317122835628224,2671,420 avondale ave,toledo,connecticut,78467,723
EVXLV8V0FG,42141773176267762252,5133,6061 rolling green rd,surprise,minnesota,64772,645
J2WRQSVQ7I,63878823145414451771,8183,725 pecan acres ln,roanoke,wisconsin,91838,734
MTO9PLMQTP,45174382271586614373,8618,6585 rolling green rd,seattle,washington,51285,363
UEN2NUEI99,41546728127126162754,4376,8570 miller ave,lousville,louisiana,52249,641
LVMAHLHASL,11735138724358764625,3857,6631 hillcrest rd,hampton,vermont,88487,287
AJ2VJ9H5EP,83414835112437142336,4555,6191 central st,long beach,south carolina,12617,767
CBOWADQG9G,42273731241583461685,2254,7351 shady ln dr,grand prairie,tennessee,86994,341
H0S52UL5YU,72533636818671526884,8214,6350 wycliff ave,vallejo,kentucky,31198,175
IXQWTDHE2G,37534363156788833828,6684,172 robinson rd,corpus christi,washington,28266,258
9BEH2CD9JE,75345477825487626338,4775,2535 smokey ln,oakland,louisiana,11145,627
DUOSO6C20O,38138272176371751746,2523,1036 forest ln,salinas,nebraska,38062,546
8V7H2CQ4EK,45657481866814576251,2554,7870 wheeler ridge dr,miami gardens,west virginia,59026,611
HK7SF7N1YA,41645144732826615555,8441,3277 samaritan dr,pueblo,arkansas,41646,783
79PLRQFBNK,86483287751648825678,2376,6229 first street,cape coral,minnesota,70494,852
3H2UUK5B0T,78378248887144612742,6852,3816 adams st,rio rancho,oklahoma,98825,218
WJJHRL9EVH,52456185835512317448,7758,1465 hogan st,peoria,mississippi,26565,357
BPI2P5S08X,42123481644786253855,6564,2101 eason rd,tacoma,maine,31174,131
VTM455BRCV,55421213156573651667,4387,7983 hunters creek dr,reno,nebraska,84572,436
S55943YJJ6,26673155518235528588,5157,9380 saddle dr,raleigh,hawaii,70846,575
98PEIK0QEI,44463286673243255677,6581,5238 ranchview dr,lincoln,missouri,54906,863
FFV1IW083Q,17486587133757265753,4286,5082 smokey ln,cedar hill,utah,90459,825
G410YDTQX0,75258131158115312761,5363,4163 country club rd,forney,nebraska,71339,458
839QEK87IM,85212261244461746464,6782,7627 oak lawn ave,lexington,arizona,54525,165
OIR5NGRX6Q,25783865725254154888,1383,9631 w belt line rd,ventura,connecticut,82722,363
OHYLWEFNDD,38232561787248817478,6665,1978 samaritan dr,denton,connecticut,66632,673
8MDH892P4G,41675662414527857262,4672,9683 samaritan dr,fresno,new jersey,43126,724
J6RICV6E4O,75167464746581855143,1423,4680 james st,lafayette,kentucky,95686,835
H7C81EEU9W,84556451687763845212,5525,9277 mcgowen st,paterson,delaware,99765,456
PTFYFIE77A,46513612272151115161,4582,6993 dogwood ave,hartford,delaware,48165,422
3IADST71D8,67458611223435767651,8668,7482 hamilton ave,clarksville,kentucky,11212,661
8OCGB8VXWP,15162735157472847622,1447,6823 elgin st,long beach,ohio,74705,177
74SU1UTJRX,17163878187835273457,1766,1800 lone wolf trail,fargo,tennessee,47192,381
H6118NN0YH,21546873674554264114,6772,5840 ranchview dr,westminster,indiana,71146,756
ENVLVPO3U2,25383113448266271435,8787,7895 e pecan st,naperville,oregon,45506,463
8CFH66SVWV,16541567538871842232,4226,114 brown terrace,joliet,maryland,49720,185
VDR5PXWX3S,57832328614888424725,8176,2109 dogwood ave,greeley,nevada,21998,116
P7B73KGWES,86168774725482885116,5511,9855 central st,salinas,michigan,28028,253
WTPLAL4121,18842611666163716818,8164,8816 bollinger rd,fargo,missouri,29399,673
8KYN9KX7JM,13755517447176164522,7437,4467 hillcrest rd,baton rouge,north carolina,14046,626
092H6BQPCN,73856687464231815685,3348,9422 nowlin rd,greensboro,montana,99220,545
UWJAU03HMO,78817157671567685562,6718,9389 country club rd,providence,idaho,16555,537
YBOOOS9MB2,63675271711246736613,8715,1981 mockingbird hill,evansville,north carolina,63819,136
BX7S5STUWK,33584553672627556816,4727,4482 oak lawn ave,denton,minnesota,53865,116
F97RPGNNX8,75757673166764221735,7851,6809 w dallas st,oklahoma city,connecticut,93371,742
TT2YE4D53G,17147865536141867526,3261,7869 lone wolf trail,grants pass,pennsylvania,67766,738
DDQS1NGBL9,32286148335188448377,5481,907 cackson st,santa rosa,michigan,21138,724
1WEL86BG2Q,44357228242574174861,3673,6563 photinia ave,raleigh,minnesota,14175,455
DGBGNUFO89,38441331366612385537,1361,9216 fincher rd,lansing,oklahoma,54980,861
0G1EXK75A8,43578316167746757685,3225,2337 n stelling rd,garden grove,kansas,63692,582
X254N3IOFN,17575488782317134336,2678,4021 green rd,louisville,maine,89192,374
IXW76PQW4T,28164234377766231527,6415,721 karen dr,high point,massachusetts,41371,854
XAWUCOS3X7,57174121217655818177,3277,4232 dogwood ave,lakeland,south carolina,77718,645
B1J4UJW51T,44511223255214147348,7343,6642 lakeshore rd,los lunas,iowa,54646,872
POOLSGSG1U,23633456145846787754,6345,4547 photinia ave,ennis,washington,94779,665
IS1DG7H9DA,36513545678484443788,1485,5885 adams st,lowell,nevada,47546,886
HOE4H8LLK1,41886424654168753538,2246,2948 w gray st,newport news,florida,74321,845
HF5KJF8VR1,42725875485144652173,8638,5783 college st,elk grove,illinois,25128,763
HK5U9TR2K8,55762613373887715862,7236,6253 e pecan st,st. petersburg,kentucky,59301,385
PT55UA8A0X,62151737571236631377,5347,8881 oak lawn ave,brownsville,california,71488,235
Q2FG90II53,71712758647253235734,5666,4828 mockingbird hill,cambridge,hawaii,74632,718
Q2EXK2YDER,61726847485755145656,4223,8984 stevens creek blvd,pueblo,vermont,61266,725
O4OKLWY78R,64247582333477613886,5267,4815 nowlin rd,wilmington,virginia,74537,435
AMWXTO08PQ,61514848553885422124,4362,5553 hamilton ave,aurora,kentucky,57760,842
WKOJLG8TQ3,46312846258484626271,5214,7006 ash dr,bernalillo,montana,14388,383
XAYM7TJ9NO,81872533536861213456,3154,9271 shady ln dr,gresham,ohio,77532,335
DX5LVA9IYO,22571627851554417664,2631,3205 e north st,hialeah,california,44089,284
9L0N77KKCS,22231471313237233527,3414,4817 ranchview dr,lewisville,wisconsin,79723,516
4GFADJRNMC,58611251353716635337,6175,3717 daisy dr,visalia,kentucky,16964,624
NHIS9K0G3K,71723414584258557362,5633,7874 walnut hill ln,college station,connecticut,77102,433
O63GXA7UUT,73355165274557382434,1742,7610 valley view ln,vernon,south carolina,32768,833
T1VQ5B1NQB,51462176455256534557,6428,818 w gray st,sacramento,texas,17223,222
3Q5497CV53,88576272625772776532,7183,8642 depaul dr,dayton,colorado,56861,877
ODY3VWPLC3,78821564182375864233,1332,8140 w sherman dr,stanley,new jersey,29481,123
7BGNC8G9UH,17851186731474123236,7212,9997 sunset st,birmingham,nebraska,56022,832
IWOF7SDUQN,36272173448555753557,3538,2954 ranchview dr,tyler,south carolina,82676,222
UGVWIJD4U5,33745422468764712334,6688,2375 dogwood ave,cary,north dakota,29976,868
MKYG5GUNYH,78142282385132883122,8866,8984 lakeview st,stanley,wyoming,88575,834
76NS7QRMSF,24545687162434281342,5656,2855 hunters creek dr,the colony,minnesota,83925,633
GXPMS68136,38145348782236334553,6877,1919 mcclellan rd,broken arrow,kentucky,29883,287
KW3XHDGN8X,84251865468427671437,8265,5977 ranchview dr,provo,rhode island,84276,663
0TCR8GKMQL,46673376125282521127,8633,9650 ranchview dr,red bluff,alaska,74099,861
6IGBCFSYA7,55442141571884684455,6574,9929 first street,carlsbad,idaho,93614,115
AO3QMQFEFQ,72813121674667831275,6682,700 hickory creek dr,plano,nevada,66922,566
IATY0WRXM5,64763714417416611223,4735,7678 bollinger rd,chula vista,maryland,42296,513
4WUU1OGK22,48453313652257228171,8636,9349 eason rd,anchorage,virginia,44603,746
UVLTNJHRGY,75488274154863766286,4155,9762 cherry st,eugene,new hampshire,26372,576
48MFOBCOKX,66663147871815431715,7751,3179 groveland terrace,st. petersburg,washington,10137,367
Y22YJEVUXR,41634687123285385135,8385,6326 james st,fontana,georgia,86542,724
2NU585SX9N,58573233174774646613,3685,6728 thornridge cir,stockton,alabama,97951,524
5NGTNRLMC3,86854813131784568625,4123,5187 james st,everett,mississippi,23014,435
CUGU78K8Y0,67614722711818436835,3381,6565 lone wolf trail,irving,arizona,33532,764
HF1GKDI9VU,12456867643412376356,4648,337 walnut hill ln,boulder,minnesota,10600,646
